order_id,customer_id,order_date,status,region_code
ORD_1,cust_404,2025-07-02 01:00:00,DELIVERED,EAST
ORD_2,cust_202,2025-07-27 10:00:00,DELIVERED,SOUTH
ORD_3,cust_397,2025-03-17 23:00:00,PLACED,NORTH
ORD_4,cust_176,2025-01-18 21:00:00,RETURNED,EAST
ORD_5,cust_506,2025-02-05 12:00:00,PLACED,SOUTH
ORD_6,cust_454,2025-09-28 00:00:00,DELIVERED,EAST
ORD_7,cust_338,2025-08-04 00:00:00,DELIVERED,WEST
ORD_8,cust_461,2025-07-22 19:00:00,RETURNED,NORTH
ORD_9,cust_386,2025-02-17 13:00:00,DELIVERED,EAST
ORD_10,,2025-08-23 05:00:00,RETURNED,EAST
ORD_11,cust_495,2025-06-15 05:00:00,SHIPPED,NORTH
ORD_12,cust_48,2025-03-08 06:00:00,DELIVERED,NORTH
ORD_13,cust_342,2025-04-10 04:00:00,PLACED,WEST
ORD_14,cust_190,2025-09-07 07:00:00,CANCELLED,SOUTH
ORD_15,cust_375,2025-12-29 14:00:00,CANCELLED,NORTH
ORD_16,cust_405,2025-12-08 02:00:00,PLACED,SOUTH
ORD_17,cust_56,2025-01-06 16:00:00,DELIVERED,NORTH
ORD_18,cust_214,2025-02-28 19:00:00,RETURNED,WEST
ORD_19,,01-01-2025,RETURNED,NORTH
ORD_20,cust_464,2025-03-17 00:00:00,DELIVERED,WEST
ORD_21,cust_51,2025-04-20 05:00:00,DELIVERED,EAST
ORD_22,cust_508,2025-03-17 16:00:00,RETURNED,EAST
ORD_23,cust_31,2025-04-09 11:00:00,SHIPPED,SOUTH
ORD_24,cust_503,2025-05-22 01:00:00,DELIVERED,WEST
ORD_25,cust_103,2025-02-07 23:00:00,CANCELLED,WEST
ORD_26,cust_476,2025-03-15 03:00:00,SHIPPED,WEST
ORD_27,cust_434,2025-05-26 07:00:00,CANCELLED,EAST
ORD_28,cust_92,2025-11-16 14:00:00,PLACED,EAST
ORD_29,,2025-04-19 13:00:00,PLACED,NORTH
ORD_30,cust_4,2025-08-06 20:00:00,DELIVERED,WEST
ORD_31,cust_87,2025-12-01 15:00:00,DELIVERED,SOUTH
ORD_32,cust_133,2025-07-29 18:00:00,CANCELLED,SOUTH
ORD_33,cust_367,06-01-2025,RETURNED,NORTH
ORD_34,cust_163,2025-04-04 06:00:00,CANCELLED,WEST
ORD_35,cust_513,2025-09-21 14:00:00,CANCELLED,NORTH
ORD_36,cust_183,2025-03-28 08:00:00,PLACED,SOUTH
ORD_37,cust_41,2025-07-21 02:00:00,RETURNED,WEST
ORD_38,cust_389,2025-01-05 03:00:00,SHIPPED,EAST
ORD_39,cust_294,2025-11-16 11:00:00,DELIVERED,EAST
ORD_40,cust_212,05-12-2025,SHIPPED,SOUTH
ORD_41,cust_85,2025-10-14 01:00:00,CANCELLED,NORTH
ORD_42,cust_216,2025-06-27 09:00:00,PLACED,SOUTH
ORD_43,,2025-04-16 22:00:00,RETURNED,SOUTH
ORD_44,cust_501,2025-03-22 12:00:00,PLACED,NORTH
ORD_45,cust_465,2025-05-19 11:00:00,PLACED,NORTH
ORD_46,cust_243,2025-09-10 23:00:00,CANCELLED,WEST
ORD_47,cust_88,2025-07-05 00:00:00,CANCELLED,WEST
ORD_48,cust_232,2025-11-07 10:00:00,PLACED,EAST
ORD_49,cust_266,2025-10-30 20:00:00,DELIVERED,SOUTH
ORD_50,,2025-10-20 00:00:00,CANCELLED,EAST
ORD_51,cust_257,2025-02-17 06:00:00,PLACED,EAST
ORD_52,cust_357,2025-03-28 17:00:00,PLACED,NORTH
ORD_53,cust_160,2025-02-10 13:00:00,DELIVERED,SOUTH
ORD_54,cust_409,2025-08-26 17:00:00,PLACED,EAST
ORD_55,cust_144,13-07-2025,SHIPPED,NORTH
ORD_56,cust_451,2025-02-04 00:00:00,RETURNED,EAST
ORD_57,cust_332,2025-02-07 23:00:00,PLACED,SOUTH
ORD_58,cust_340,2025-05-08 17:00:00,PLACED,NORTH
ORD_59,cust_90,2025-12-26 03:00:00,RETURNED,WEST
ORD_60,cust_148,2025-03-17 18:00:00,DELIVERED,WEST
ORD_61,cust_489,2025-08-10 17:00:00,CANCELLED,WEST
ORD_62,cust_187,2025-05-06 10:00:00,PLACED,SOUTH
ORD_63,cust_84,2025-05-14 09:00:00,DELIVERED,SOUTH
ORD_64,cust_491,2025-09-29 13:00:00,DELIVERED,WEST
ORD_65,cust_42,2025-03-12 06:00:00,DELIVERED,SOUTH
ORD_66,,2025-06-23 08:00:00,SHIPPED,EAST
ORD_67,cust_133,2025-07-05 20:00:00,CANCELLED,EAST
ORD_68,cust_437,2025-02-18 04:00:00,RETURNED,SOUTH
ORD_69,cust_453,2025-03-23 12:00:00,SHIPPED,NORTH
ORD_70,cust_218,2025-06-04 05:00:00,PLACED,WEST
ORD_71,cust_466,13-10-2025,RETURNED,EAST
ORD_72,cust_473,2025-08-16 14:00:00,SHIPPED,WEST
ORD_73,cust_201,2025-08-03 18:00:00,SHIPPED,SOUTH
ORD_74,cust_157,2025-11-13 02:00:00,PLACED,NORTH
ORD_75,cust_273,2025-09-06 11:00:00,DELIVERED,EAST
ORD_76,cust_208,2025-05-01 17:00:00,DELIVERED,NORTH
ORD_77,cust_472,2025-01-09 22:00:00,DELIVERED,NORTH
ORD_78,cust_26,2025-02-04 08:00:00,SHIPPED,SOUTH
ORD_79,cust_188,2025-04-13 14:00:00,DELIVERED,SOUTH
ORD_80,cust_47,2025-06-20 05:00:00,SHIPPED,NORTH
ORD_81,cust_278,2025-06-29 21:00:00,RETURNED,NORTH
ORD_82,cust_25,2025-08-14 03:00:00,SHIPPED,SOUTH
ORD_83,cust_208,2025-07-27 09:00:00,PLACED,EAST
ORD_84,cust_174,26-06-2025,RETURNED,WEST
ORD_85,cust_331,2025-05-19 00:00:00,RETURNED,NORTH
ORD_86,cust_398,2025-08-25 14:00:00,CANCELLED,SOUTH
ORD_87,cust_298,2025-10-23 14:00:00,DELIVERED,EAST
ORD_88,cust_514,2025-02-08 18:00:00,CANCELLED,SOUTH
ORD_89,cust_224,2025-03-17 05:00:00,DELIVERED,EAST
ORD_90,cust_186,18-02-2025,PLACED,SOUTH
ORD_91,cust_284,24-09-2025,RETURNED,WEST
ORD_92,cust_351,2025-12-29 07:00:00,CANCELLED,SOUTH
ORD_93,cust_281,2025-07-03 17:00:00,PLACED,NORTH
ORD_94,cust_275,2025-04-18 08:00:00,RETURNED,NORTH
ORD_95,cust_319,2025-08-16 10:00:00,CANCELLED,NORTH
ORD_96,cust_155,2025-04-02 03:00:00,DELIVERED,WEST
ORD_97,cust_455,2025-03-12 11:00:00,DELIVERED,WEST
ORD_98,cust_302,2025-04-05 04:00:00,DELIVERED,NORTH
ORD_99,cust_317,2025-08-22 01:00:00,PLACED,NORTH
ORD_100,cust_503,2025-03-12 12:00:00,CANCELLED,SOUTH
ORD_101,cust_206,2025-08-16 18:00:00,CANCELLED,EAST
ORD_102,cust_15,2025-01-27 15:00:00,DELIVERED,WEST
ORD_103,cust_172,2025-05-16 08:00:00,SHIPPED,EAST
ORD_104,cust_490,2025-03-12 09:00:00,RETURNED,EAST
ORD_105,cust_402,2025-07-16 12:00:00,CANCELLED,EAST
ORD_106,cust_76,2025-10-23 02:00:00,RETURNED,NORTH
ORD_107,cust_401,2025-07-08 13:00:00,PLACED,WEST
ORD_108,cust_200,2025-11-04 22:00:00,SHIPPED,SOUTH
ORD_109,cust_457,2025-10-21 00:00:00,RETURNED,EAST
ORD_110,cust_176,2025-11-01 04:00:00,DELIVERED,SOUTH
ORD_111,cust_83,2025-09-05 08:00:00,RETURNED,EAST
ORD_112,cust_155,2025-10-29 20:00:00,DELIVERED,EAST
ORD_113,cust_161,2025-06-06 05:00:00,SHIPPED,SOUTH
ORD_114,cust_353,2025-12-19 00:00:00,SHIPPED,EAST
ORD_115,cust_460,2025-05-28 00:00:00,DELIVERED,WEST
ORD_116,cust_286,2025-12-16 08:00:00,CANCELLED,NORTH
ORD_117,cust_375,2025-04-24 15:00:00,RETURNED,SOUTH
ORD_118,cust_474,2025-04-24 16:00:00,RETURNED,SOUTH
ORD_119,cust_267,2025-06-11 17:00:00,SHIPPED,EAST
ORD_120,cust_270,2025-03-23 14:00:00,RETURNED,EAST
ORD_121,cust_443,2025-02-06 14:00:00,RETURNED,WEST
ORD_122,cust_453,2025-11-28 10:00:00,SHIPPED,WEST
ORD_123,cust_378,2025-12-31 04:00:00,DELIVERED,EAST
ORD_124,cust_1,2025-01-05 16:00:00,RETURNED,EAST
ORD_125,cust_292,2025-11-23 14:00:00,RETURNED,NORTH
ORD_126,cust_317,2025-10-30 05:00:00,RETURNED,SOUTH
ORD_127,cust_506,2025-07-28 07:00:00,PLACED,NORTH
ORD_128,cust_169,2025-09-25 13:00:00,PLACED,NORTH
ORD_129,cust_230,2025-05-23 15:00:00,DELIVERED,NORTH
ORD_130,cust_201,2025-11-04 18:00:00,DELIVERED,NORTH
ORD_131,cust_383,2025-05-29 11:00:00,RETURNED,SOUTH
ORD_132,cust_43,2025-02-04 23:00:00,CANCELLED,SOUTH
ORD_133,cust_235,2025-05-05 12:00:00,PLACED,WEST
ORD_134,cust_507,2025-11-21 14:00:00,PLACED,SOUTH
ORD_135,cust_374,2025-12-02 11:00:00,RETURNED,EAST
ORD_136,cust_267,2025-04-17 04:00:00,DELIVERED,SOUTH
ORD_137,cust_17,2026-01-01 09:00:00,DELIVERED,EAST
ORD_138,,04-10-2025,DELIVERED,WEST
ORD_139,,2025-02-22 19:00:00,SHIPPED,NORTH
ORD_140,,2025-06-04 21:00:00,RETURNED,WEST
ORD_141,cust_247,2025-08-07 13:00:00,DELIVERED,SOUTH
ORD_142,cust_183,2025-12-26 14:00:00,PLACED,NORTH
ORD_143,cust_227,2025-12-06 07:00:00,DELIVERED,EAST
ORD_144,cust_105,2025-08-19 03:00:00,PLACED,NORTH
ORD_145,cust_229,2025-07-24 14:00:00,PLACED,WEST
ORD_146,cust_136,2025-11-07 20:00:00,PLACED,SOUTH
ORD_147,cust_199,2025-11-23 01:00:00,DELIVERED,EAST
ORD_148,cust_187,2025-04-25 12:00:00,RETURNED,WEST
ORD_149,cust_301,2025-07-31 07:00:00,DELIVERED,NORTH
ORD_150,cust_357,2025-03-28 02:00:00,DELIVERED,SOUTH
ORD_151,cust_332,2025-12-18 04:00:00,DELIVERED,WEST
ORD_152,cust_468,2025-07-31 21:00:00,SHIPPED,NORTH
ORD_153,cust_23,2025-08-04 22:00:00,RETURNED,SOUTH
ORD_154,cust_16,2025-11-11 17:00:00,DELIVERED,EAST
ORD_155,cust_176,2025-12-03 10:00:00,DELIVERED,NORTH
ORD_156,cust_25,2025-12-08 21:00:00,DELIVERED,NORTH
ORD_157,cust_329,2025-08-01 22:00:00,RETURNED,WEST
ORD_158,cust_409,2025-05-24 04:00:00,CANCELLED,EAST
ORD_159,cust_434,2025-08-22 14:00:00,CANCELLED,SOUTH
ORD_160,cust_96,2025-04-22 12:00:00,PLACED,NORTH
ORD_161,cust_45,2025-07-23 11:00:00,SHIPPED,NORTH
ORD_162,cust_68,2025-06-07 15:00:00,SHIPPED,WEST
ORD_163,cust_233,2025-09-18 13:00:00,PLACED,NORTH
ORD_164,cust_141,2025-02-01 06:00:00,DELIVERED,WEST
ORD_165,cust_121,2025-03-24 15:00:00,DELIVERED,WEST
ORD_166,cust_435,2025-09-19 16:00:00,PLACED,WEST
ORD_167,cust_235,2025-12-16 18:00:00,CANCELLED,SOUTH
ORD_168,cust_15,2025-02-13 14:00:00,SHIPPED,WEST
ORD_169,cust_496,2025-02-06 01:00:00,RETURNED,SOUTH
ORD_170,cust_211,2025-08-26 22:00:00,PLACED,EAST
ORD_171,cust_165,2025-02-09 04:00:00,CANCELLED,NORTH
ORD_172,cust_82,2025-02-24 03:00:00,CANCELLED,SOUTH
ORD_173,cust_390,2025-08-26 19:00:00,DELIVERED,WEST
ORD_174,cust_251,2025-09-24 21:00:00,DELIVERED,EAST
ORD_175,cust_65,2025-12-15 23:00:00,RETURNED,SOUTH
ORD_176,cust_276,2025-04-16 06:00:00,RETURNED,EAST
ORD_177,cust_321,2025-07-31 01:00:00,PLACED,NORTH
ORD_178,cust_180,2025-08-18 16:00:00,DELIVERED,NORTH
ORD_179,cust_485,2025-04-17 02:00:00,DELIVERED,SOUTH
ORD_180,cust_58,2025-02-17 22:00:00,DELIVERED,NORTH
ORD_181,cust_425,2025-10-02 02:00:00,PLACED,EAST
ORD_182,cust_265,2025-01-06 01:00:00,RETURNED,NORTH
ORD_183,cust_292,2025-12-27 14:00:00,DELIVERED,EAST
ORD_184,cust_56,2025-10-31 11:00:00,SHIPPED,NORTH
ORD_185,cust_214,2025-04-24 06:00:00,PLACED,NORTH
ORD_186,cust_457,2025-08-13 17:00:00,DELIVERED,SOUTH
ORD_187,,2025-05-20 04:00:00,CANCELLED,NORTH
ORD_188,cust_465,2025-12-28 17:00:00,SHIPPED,EAST
ORD_189,cust_456,2025-09-03 19:00:00,SHIPPED,WEST
ORD_190,cust_520,13-12-2025,PLACED,WEST
ORD_191,cust_136,2025-04-01 14:00:00,CANCELLED,SOUTH
ORD_192,cust_141,2025-04-26 06:00:00,DELIVERED,WEST
ORD_193,cust_154,2025-08-12 17:00:00,DELIVERED,EAST
ORD_194,cust_449,2025-08-21 16:00:00,RETURNED,SOUTH
ORD_195,cust_126,2025-09-12 15:00:00,CANCELLED,WEST
ORD_196,cust_147,2025-02-17 14:00:00,SHIPPED,NORTH
ORD_197,cust_424,2025-07-30 21:00:00,DELIVERED,NORTH
ORD_198,cust_249,2025-10-26 23:00:00,PLACED,SOUTH
ORD_199,cust_425,2025-05-03 15:00:00,SHIPPED,WEST
ORD_200,cust_201,2025-04-19 05:00:00,SHIPPED,EAST
ORD_201,cust_369,2025-12-02 08:00:00,RETURNED,EAST
ORD_202,cust_222,2025-07-04 17:00:00,SHIPPED,SOUTH
ORD_203,cust_519,2025-01-09 20:00:00,DELIVERED,SOUTH
ORD_204,cust_247,2025-03-30 09:00:00,PLACED,NORTH
ORD_205,cust_518,2025-04-01 09:00:00,RETURNED,WEST
ORD_206,cust_122,2025-09-02 04:00:00,CANCELLED,EAST
ORD_207,cust_338,04-11-2025,PLACED,SOUTH
ORD_208,cust_196,2025-01-02 00:00:00,PLACED,EAST
ORD_209,cust_110,2025-10-02 08:00:00,PLACED,NORTH
ORD_210,cust_146,2025-08-07 23:00:00,PLACED,NORTH
ORD_211,cust_243,2025-06-18 14:00:00,RETURNED,SOUTH
ORD_212,cust_182,2025-04-29 01:00:00,PLACED,EAST
ORD_213,cust_494,2025-07-05 04:00:00,CANCELLED,SOUTH
ORD_214,cust_265,2025-06-13 03:00:00,CANCELLED,SOUTH
ORD_215,cust_333,2025-10-24 16:00:00,PLACED,NORTH
ORD_216,cust_325,2025-08-29 22:00:00,CANCELLED,EAST
ORD_217,cust_436,2025-11-08 00:00:00,RETURNED,EAST
ORD_218,cust_247,2025-09-27 21:00:00,RETURNED,WEST
ORD_219,cust_36,2025-10-15 06:00:00,PLACED,WEST
ORD_220,cust_505,2025-09-25 03:00:00,CANCELLED,WEST
ORD_221,cust_128,2025-07-17 20:00:00,CANCELLED,SOUTH
ORD_222,cust_25,2025-08-09 08:00:00,PLACED,NORTH
ORD_223,cust_448,2025-07-28 00:00:00,PLACED,SOUTH
ORD_224,cust_87,2025-09-18 22:00:00,PLACED,WEST
ORD_225,cust_397,2025-12-09 15:00:00,PLACED,NORTH
ORD_226,,2025-01-05 05:00:00,RETURNED,EAST
ORD_227,cust_242,2025-06-09 23:00:00,SHIPPED,SOUTH
ORD_228,cust_356,2025-05-17 18:00:00,PLACED,SOUTH
ORD_229,cust_200,2025-02-17 04:00:00,CANCELLED,NORTH
ORD_230,cust_299,2025-03-20 14:00:00,PLACED,WEST
ORD_231,cust_484,2025-11-06 16:00:00,PLACED,NORTH
ORD_232,cust_334,2025-02-02 22:00:00,PLACED,NORTH
ORD_233,cust_335,2025-09-21 05:00:00,PLACED,NORTH
ORD_234,cust_408,2025-12-11 03:00:00,SHIPPED,NORTH
ORD_235,cust_235,2025-06-25 09:00:00,RETURNED,NORTH
ORD_236,cust_155,2025-03-06 10:00:00,SHIPPED,WEST
ORD_237,cust_287,2025-02-02 00:00:00,DELIVERED,WEST
ORD_238,cust_282,2025-06-25 05:00:00,CANCELLED,SOUTH
ORD_239,cust_289,2025-01-24 05:00:00,SHIPPED,WEST
ORD_240,cust_328,2025-04-21 12:00:00,SHIPPED,EAST
ORD_241,cust_353,2025-08-30 13:00:00,PLACED,EAST
ORD_242,cust_284,2025-02-11 22:00:00,PLACED,NORTH
ORD_243,cust_238,2025-05-24 05:00:00,PLACED,EAST
ORD_244,cust_368,2025-05-07 09:00:00,CANCELLED,SOUTH
ORD_245,cust_193,2025-11-21 15:00:00,CANCELLED,NORTH
ORD_246,cust_380,2025-05-02 16:00:00,CANCELLED,NORTH
ORD_247,cust_343,2025-06-02 05:00:00,SHIPPED,NORTH
ORD_248,,06-05-2025,PLACED,NORTH
ORD_249,cust_492,2025-08-30 18:00:00,PLACED,NORTH
ORD_250,cust_389,2025-04-27 09:00:00,CANCELLED,WEST
ORD_251,cust_358,2025-02-14 11:00:00,PLACED,SOUTH
ORD_252,cust_389,2025-12-07 21:00:00,CANCELLED,SOUTH
ORD_253,cust_16,2025-11-26 22:00:00,PLACED,SOUTH
ORD_254,cust_89,2025-01-06 03:00:00,PLACED,SOUTH
ORD_255,,2025-07-01 07:00:00,PLACED,SOUTH
ORD_256,cust_395,2025-06-04 19:00:00,SHIPPED,NORTH
ORD_257,,2025-11-16 20:00:00,DELIVERED,SOUTH
ORD_258,cust_192,2025-09-13 07:00:00,PLACED,NORTH
ORD_259,cust_29,2025-01-09 21:00:00,DELIVERED,EAST
ORD_260,cust_286,2025-10-19 19:00:00,CANCELLED,WEST
ORD_261,cust_470,2025-10-05 07:00:00,RETURNED,SOUTH
ORD_262,cust_102,2025-04-19 12:00:00,SHIPPED,EAST
ORD_263,cust_167,2025-10-21 10:00:00,RETURNED,WEST
ORD_264,cust_43,2025-05-01 22:00:00,DELIVERED,WEST
ORD_265,cust_181,2025-04-09 16:00:00,SHIPPED,WEST
ORD_266,cust_460,2025-10-02 08:00:00,SHIPPED,NORTH
ORD_267,cust_201,2025-02-19 02:00:00,RETURNED,WEST
ORD_268,cust_9,2025-10-13 15:00:00,PLACED,SOUTH
ORD_269,cust_371,2025-12-14 13:00:00,DELIVERED,EAST
ORD_270,cust_244,2025-06-08 16:00:00,PLACED,EAST
ORD_271,cust_332,2025-04-26 10:00:00,DELIVERED,EAST
ORD_272,cust_249,2025-09-01 17:00:00,SHIPPED,WEST
ORD_273,cust_365,2025-08-23 17:00:00,DELIVERED,NORTH
ORD_274,cust_61,2025-05-21 14:00:00,CANCELLED,NORTH
ORD_275,cust_187,2025-04-28 15:00:00,RETURNED,NORTH
ORD_276,cust_161,31-01-2025,SHIPPED,NORTH
ORD_277,cust_3,2025-11-18 07:00:00,DELIVERED,WEST
ORD_278,,2025-06-02 20:00:00,CANCELLED,NORTH
ORD_279,cust_181,2025-06-20 13:00:00,DELIVERED,NORTH
ORD_280,cust_437,2025-04-01 16:00:00,SHIPPED,EAST
ORD_281,cust_177,2025-09-10 09:00:00,PLACED,EAST
ORD_282,cust_205,01-01-2025,SHIPPED,SOUTH
ORD_283,cust_380,2025-11-08 03:00:00,SHIPPED,WEST
ORD_284,cust_402,2025-09-03 01:00:00,CANCELLED,WEST
ORD_285,cust_349,2025-02-02 01:00:00,CANCELLED,NORTH
ORD_286,cust_318,16-09-2025,CANCELLED,NORTH
ORD_287,cust_413,2025-06-08 12:00:00,PLACED,SOUTH
ORD_288,cust_110,2025-12-07 19:00:00,PLACED,SOUTH
ORD_289,cust_473,2025-12-18 05:00:00,DELIVERED,EAST
ORD_290,cust_477,2025-06-09 15:00:00,CANCELLED,NORTH
ORD_291,,2025-08-15 15:00:00,DELIVERED,NORTH
ORD_292,cust_138,2025-09-15 20:00:00,SHIPPED,EAST
ORD_293,,2025-11-05 01:00:00,SHIPPED,NORTH
ORD_294,cust_505,2025-08-17 01:00:00,CANCELLED,NORTH
ORD_295,cust_43,2025-12-05 10:00:00,PLACED,NORTH
ORD_296,cust_395,2025-06-05 08:00:00,PLACED,EAST
ORD_297,cust_373,2025-12-18 16:00:00,DELIVERED,EAST
ORD_298,cust_152,2025-06-06 23:00:00,SHIPPED,WEST
ORD_299,cust_41,2025-09-16 05:00:00,CANCELLED,WEST
ORD_300,cust_444,2025-03-04 02:00:00,RETURNED,WEST
ORD_301,cust_158,2025-10-27 20:00:00,RETURNED,EAST
ORD_302,cust_31,2025-04-05 11:00:00,RETURNED,SOUTH
ORD_303,cust_8,2025-05-01 13:00:00,DELIVERED,WEST
ORD_304,cust_58,2025-04-04 04:00:00,DELIVERED,WEST
ORD_305,cust_261,2025-10-06 06:00:00,DELIVERED,NORTH
ORD_306,cust_371,2025-11-28 15:00:00,SHIPPED,SOUTH
ORD_307,cust_211,2025-01-07 23:00:00,CANCELLED,EAST
ORD_308,cust_342,2025-04-28 01:00:00,PLACED,WEST
ORD_309,cust_462,2025-12-10 10:00:00,DELIVERED,SOUTH
ORD_310,cust_418,2025-09-01 08:00:00,SHIPPED,SOUTH
ORD_311,cust_53,2025-12-25 21:00:00,DELIVERED,NORTH
ORD_312,cust_225,2025-04-19 20:00:00,CANCELLED,EAST
ORD_313,cust_120,2025-03-06 23:00:00,CANCELLED,EAST
ORD_314,cust_390,2025-05-09 21:00:00,CANCELLED,WEST
ORD_315,cust_138,2025-10-06 16:00:00,DELIVERED,NORTH
ORD_316,cust_227,2025-07-06 08:00:00,SHIPPED,SOUTH
ORD_317,cust_346,2025-05-03 00:00:00,CANCELLED,SOUTH
ORD_318,cust_278,04-03-2025,PLACED,SOUTH
ORD_319,cust_519,2025-07-31 07:00:00,SHIPPED,WEST
ORD_320,cust_414,2025-10-01 08:00:00,SHIPPED,EAST
ORD_321,cust_462,2025-11-04 14:00:00,CANCELLED,EAST
ORD_322,cust_518,2025-05-05 06:00:00,SHIPPED,EAST
ORD_323,cust_83,2025-07-07 17:00:00,RETURNED,NORTH
ORD_324,cust_242,2025-01-02 15:00:00,CANCELLED,WEST
ORD_325,cust_62,2025-02-19 10:00:00,CANCELLED,EAST
ORD_326,,2025-04-27 08:00:00,DELIVERED,WEST
ORD_327,cust_16,2025-03-04 20:00:00,CANCELLED,EAST
ORD_328,cust_399,27-09-2025,SHIPPED,EAST
ORD_329,cust_415,2025-01-24 12:00:00,RETURNED,WEST
ORD_330,cust_289,2025-10-27 06:00:00,PLACED,WEST
ORD_331,cust_453,2025-12-17 20:00:00,CANCELLED,EAST
ORD_332,cust_242,2025-07-08 10:00:00,RETURNED,EAST
ORD_333,cust_153,2025-12-25 16:00:00,RETURNED,EAST
ORD_334,cust_1,2025-08-24 13:00:00,DELIVERED,SOUTH
ORD_335,cust_436,2025-03-16 09:00:00,DELIVERED,NORTH
ORD_336,cust_325,2025-02-05 17:00:00,SHIPPED,SOUTH
ORD_337,cust_237,2025-06-24 05:00:00,RETURNED,NORTH
ORD_338,cust_113,2025-12-29 07:00:00,DELIVERED,NORTH
ORD_339,cust_397,2025-10-04 07:00:00,RETURNED,EAST
ORD_340,cust_104,2025-05-28 21:00:00,RETURNED,SOUTH
ORD_341,cust_34,2025-10-22 06:00:00,DELIVERED,NORTH
ORD_342,cust_519,2025-04-08 03:00:00,RETURNED,NORTH
ORD_343,cust_390,2025-03-16 05:00:00,DELIVERED,NORTH
ORD_344,cust_306,18-09-2025,DELIVERED,NORTH
ORD_345,cust_287,2025-08-19 01:00:00,CANCELLED,NORTH
ORD_346,cust_117,2025-03-14 09:00:00,SHIPPED,WEST
ORD_347,cust_299,2025-09-09 00:00:00,SHIPPED,EAST
ORD_348,cust_22,2025-08-31 18:00:00,CANCELLED,SOUTH
ORD_349,cust_166,2025-02-13 21:00:00,SHIPPED,SOUTH
ORD_350,cust_57,2025-09-07 17:00:00,PLACED,NORTH
ORD_351,cust_286,2025-03-15 17:00:00,DELIVERED,WEST
ORD_352,cust_260,2025-03-01 02:00:00,SHIPPED,WEST
ORD_353,cust_160,2025-08-17 22:00:00,PLACED,NORTH
ORD_354,cust_246,2025-08-17 11:00:00,PLACED,SOUTH
ORD_355,cust_396,2025-04-19 09:00:00,RETURNED,NORTH
ORD_356,,2025-10-07 07:00:00,DELIVERED,SOUTH
ORD_357,cust_138,2025-05-09 16:00:00,CANCELLED,SOUTH
ORD_358,cust_255,2025-06-15 04:00:00,RETURNED,EAST
ORD_359,cust_433,2025-11-25 10:00:00,CANCELLED,WEST
ORD_360,cust_78,2025-05-07 15:00:00,SHIPPED,EAST
ORD_361,cust_236,2025-08-30 08:00:00,RETURNED,WEST
ORD_362,cust_414,2025-12-17 18:00:00,DELIVERED,NORTH
ORD_363,cust_288,2025-06-14 10:00:00,SHIPPED,SOUTH
ORD_364,cust_285,2025-10-19 03:00:00,PLACED,SOUTH
ORD_365,cust_391,2025-08-25 09:00:00,RETURNED,WEST
ORD_366,cust_148,2025-03-31 22:00:00,RETURNED,EAST
ORD_367,cust_4,2025-04-08 11:00:00,SHIPPED,EAST
ORD_368,cust_319,2025-04-19 03:00:00,PLACED,EAST
ORD_369,cust_167,2025-12-05 02:00:00,DELIVERED,NORTH
ORD_370,cust_270,2025-03-15 11:00:00,DELIVERED,EAST
ORD_371,cust_127,18-02-2025,CANCELLED,NORTH
ORD_372,cust_496,2025-05-21 02:00:00,RETURNED,EAST
ORD_373,cust_243,2025-03-26 15:00:00,SHIPPED,NORTH
ORD_374,cust_466,2026-01-01 22:00:00,RETURNED,WEST
ORD_375,cust_355,2025-03-13 00:00:00,RETURNED,SOUTH
ORD_376,cust_328,2025-08-08 16:00:00,DELIVERED,NORTH
ORD_377,cust_15,2025-05-31 07:00:00,SHIPPED,EAST
ORD_378,cust_304,2025-01-22 09:00:00,RETURNED,NORTH
ORD_379,cust_82,2025-05-17 23:00:00,CANCELLED,SOUTH
ORD_380,cust_228,2025-08-08 05:00:00,RETURNED,EAST
ORD_381,cust_492,2025-09-21 11:00:00,RETURNED,SOUTH
ORD_382,cust_295,2025-07-25 05:00:00,CANCELLED,NORTH
ORD_383,cust_31,2025-04-19 13:00:00,DELIVERED,NORTH
ORD_384,cust_385,2025-02-08 22:00:00,CANCELLED,SOUTH
ORD_385,cust_351,2025-04-24 12:00:00,CANCELLED,NORTH
ORD_386,,2025-09-10 07:00:00,DELIVERED,NORTH
ORD_387,cust_409,2025-02-11 18:00:00,SHIPPED,EAST
ORD_388,cust_90,2025-11-16 05:00:00,CANCELLED,EAST
ORD_389,cust_64,2025-02-26 09:00:00,PLACED,EAST
ORD_390,cust_290,2025-12-06 23:00:00,PLACED,NORTH
ORD_391,cust_161,2025-02-15 04:00:00,PLACED,NORTH
ORD_392,cust_494,2025-07-20 11:00:00,DELIVERED,NORTH
ORD_393,cust_109,2025-03-31 01:00:00,DELIVERED,EAST
ORD_394,cust_495,2025-12-07 10:00:00,SHIPPED,WEST
ORD_395,cust_231,2025-06-04 02:00:00,PLACED,NORTH
ORD_396,cust_118,2025-12-20 03:00:00,SHIPPED,NORTH
ORD_397,,2025-03-22 08:00:00,PLACED,EAST
ORD_398,,2025-06-20 18:00:00,SHIPPED,NORTH
ORD_399,cust_495,10-05-2025,CANCELLED,WEST
ORD_400,cust_413,2025-05-27 04:00:00,CANCELLED,NORTH
ORD_401,cust_339,2025-01-31 06:00:00,DELIVERED,EAST
ORD_402,cust_392,2025-10-19 21:00:00,CANCELLED,SOUTH
ORD_403,cust_270,2025-09-09 19:00:00,CANCELLED,WEST
ORD_404,cust_109,2025-11-30 18:00:00,CANCELLED,SOUTH
ORD_405,cust_431,2025-01-01 06:00:00,DELIVERED,WEST
ORD_406,cust_13,2025-05-01 09:00:00,DELIVERED,WEST
ORD_407,cust_357,2025-12-04 01:00:00,SHIPPED,WEST
ORD_408,,2025-11-22 02:00:00,RETURNED,SOUTH
ORD_409,cust_313,2025-10-30 17:00:00,RETURNED,NORTH
ORD_410,cust_103,2025-12-01 22:00:00,CANCELLED,WEST
ORD_411,cust_156,2025-11-24 01:00:00,RETURNED,EAST
ORD_412,cust_318,2025-12-26 12:00:00,CANCELLED,SOUTH
ORD_413,cust_298,2025-10-01 04:00:00,DELIVERED,NORTH
ORD_414,cust_150,2025-03-11 09:00:00,SHIPPED,NORTH
ORD_415,cust_16,2025-03-09 03:00:00,CANCELLED,EAST
ORD_416,cust_11,2025-01-04 22:00:00,PLACED,SOUTH
ORD_417,cust_161,30-11-2025,RETURNED,NORTH
ORD_418,cust_107,2025-09-21 05:00:00,RETURNED,EAST
ORD_419,cust_132,2025-04-09 17:00:00,DELIVERED,WEST
ORD_420,cust_505,2025-06-01 10:00:00,CANCELLED,WEST
ORD_421,cust_125,2025-02-14 01:00:00,DELIVERED,SOUTH
ORD_422,cust_143,2025-03-25 17:00:00,PLACED,SOUTH
ORD_423,cust_65,2025-11-04 02:00:00,RETURNED,NORTH
ORD_424,cust_179,2025-09-28 14:00:00,PLACED,WEST
ORD_425,cust_235,2025-12-14 16:00:00,SHIPPED,NORTH
ORD_426,cust_343,2025-04-30 12:00:00,CANCELLED,EAST
ORD_427,cust_433,08-10-2025,DELIVERED,NORTH
ORD_428,cust_469,2025-10-01 04:00:00,RETURNED,SOUTH
ORD_429,cust_309,2025-12-02 21:00:00,CANCELLED,EAST
ORD_430,cust_99,2025-11-06 05:00:00,CANCELLED,SOUTH
ORD_431,cust_22,2025-05-08 14:00:00,DELIVERED,WEST
ORD_432,cust_142,2025-05-30 14:00:00,SHIPPED,EAST
ORD_433,cust_324,2025-07-20 23:00:00,CANCELLED,SOUTH
ORD_434,cust_75,2025-04-17 07:00:00,PLACED,SOUTH
ORD_435,cust_52,09-07-2025,RETURNED,NORTH
ORD_436,cust_309,15-03-2025,SHIPPED,SOUTH
ORD_437,cust_133,2025-07-11 23:00:00,PLACED,NORTH
ORD_438,cust_132,2025-11-07 15:00:00,DELIVERED,NORTH
ORD_439,cust_194,2025-04-10 17:00:00,DELIVERED,NORTH
ORD_440,cust_205,2025-10-17 18:00:00,CANCELLED,SOUTH
ORD_441,cust_258,2025-05-05 05:00:00,DELIVERED,NORTH
ORD_442,cust_352,2025-01-14 21:00:00,PLACED,SOUTH
ORD_443,cust_234,2025-06-28 08:00:00,CANCELLED,SOUTH
ORD_444,cust_52,2025-05-17 04:00:00,CANCELLED,NORTH
ORD_445,,2025-12-03 19:00:00,DELIVERED,EAST
ORD_446,cust_143,2025-06-10 11:00:00,RETURNED,SOUTH
ORD_447,cust_66,2025-07-20 20:00:00,PLACED,WEST
ORD_448,cust_316,2025-10-31 12:00:00,SHIPPED,WEST
ORD_449,cust_28,2025-01-19 03:00:00,PLACED,WEST
ORD_450,cust_194,2025-02-27 09:00:00,SHIPPED,WEST
ORD_451,,2025-01-01 09:00:00,RETURNED,SOUTH
ORD_452,cust_33,26-05-2025,DELIVERED,NORTH
ORD_453,cust_48,2025-04-06 12:00:00,SHIPPED,EAST
ORD_454,cust_384,2025-04-01 12:00:00,RETURNED,SOUTH
ORD_455,cust_481,2025-07-29 00:00:00,SHIPPED,EAST
ORD_456,cust_338,2025-12-29 10:00:00,SHIPPED,EAST
ORD_457,cust_364,2025-07-09 17:00:00,CANCELLED,SOUTH
ORD_458,cust_129,2025-03-30 02:00:00,PLACED,EAST
ORD_459,cust_57,2025-02-24 23:00:00,DELIVERED,WEST
ORD_460,cust_211,2025-02-17 05:00:00,DELIVERED,EAST
ORD_461,cust_439,2025-11-28 20:00:00,SHIPPED,NORTH
ORD_462,cust_76,2025-12-19 02:00:00,PLACED,SOUTH
ORD_463,cust_267,2025-11-18 09:00:00,RETURNED,SOUTH
ORD_464,cust_434,2025-02-28 15:00:00,RETURNED,SOUTH
ORD_465,,2025-06-07 02:00:00,PLACED,EAST
ORD_466,cust_211,2025-02-27 10:00:00,DELIVERED,SOUTH
ORD_467,cust_26,2025-08-23 17:00:00,CANCELLED,WEST
ORD_468,cust_29,2025-07-18 00:00:00,RETURNED,NORTH
ORD_469,cust_397,2025-02-20 21:00:00,DELIVERED,WEST
ORD_470,cust_244,2025-09-22 08:00:00,PLACED,NORTH
ORD_471,cust_423,2025-03-02 21:00:00,RETURNED,EAST
ORD_472,cust_56,2025-03-04 08:00:00,SHIPPED,SOUTH
ORD_473,cust_413,2025-03-07 13:00:00,DELIVERED,NORTH
ORD_474,cust_352,2025-10-31 03:00:00,PLACED,NORTH
ORD_475,cust_451,2025-12-19 02:00:00,RETURNED,SOUTH
ORD_476,cust_340,2025-10-03 12:00:00,CANCELLED,EAST
ORD_477,cust_82,2025-03-13 04:00:00,PLACED,SOUTH
ORD_478,cust_297,2025-09-01 10:00:00,DELIVERED,WEST
ORD_479,cust_489,2025-05-02 05:00:00,PLACED,EAST
ORD_480,cust_145,2025-12-01 22:00:00,RETURNED,SOUTH
ORD_481,cust_421,2025-02-07 03:00:00,DELIVERED,EAST
ORD_482,cust_352,2025-06-30 09:00:00,PLACED,NORTH
ORD_483,cust_283,2025-08-01 22:00:00,DELIVERED,SOUTH
ORD_484,cust_272,2025-09-10 15:00:00,RETURNED,EAST
ORD_485,cust_251,2025-11-26 18:00:00,RETURNED,WEST
ORD_486,cust_94,2025-07-29 08:00:00,DELIVERED,EAST
ORD_487,cust_350,2025-04-24 12:00:00,SHIPPED,SOUTH
ORD_488,cust_482,2025-02-11 14:00:00,DELIVERED,EAST
ORD_489,cust_302,2025-06-03 13:00:00,CANCELLED,EAST
ORD_490,cust_151,2025-10-10 14:00:00,DELIVERED,SOUTH
ORD_491,cust_281,2025-04-01 23:00:00,DELIVERED,SOUTH
ORD_492,cust_100,2025-07-31 04:00:00,RETURNED,WEST
ORD_493,cust_225,2025-09-11 13:00:00,CANCELLED,SOUTH
ORD_494,cust_26,2025-05-27 00:00:00,RETURNED,NORTH
ORD_495,cust_398,2025-03-11 17:00:00,RETURNED,EAST
ORD_496,cust_420,2025-12-13 10:00:00,CANCELLED,SOUTH
ORD_497,cust_206,2025-01-19 13:00:00,DELIVERED,NORTH
ORD_498,cust_196,2025-05-10 11:00:00,RETURNED,SOUTH
ORD_499,,2025-10-09 15:00:00,DELIVERED,EAST
ORD_500,cust_428,2025-01-24 04:00:00,SHIPPED,SOUTH
ORD_501,cust_357,2025-07-10 12:00:00,DELIVERED,EAST
ORD_502,cust_167,2025-03-23 21:00:00,PLACED,SOUTH
ORD_503,cust_171,2025-12-12 01:00:00,RETURNED,EAST
ORD_504,cust_90,2025-10-21 11:00:00,CANCELLED,EAST
ORD_505,,2025-06-10 21:00:00,CANCELLED,SOUTH
ORD_506,cust_286,15-07-2025,DELIVERED,SOUTH
ORD_507,cust_383,2025-09-10 22:00:00,CANCELLED,WEST
ORD_508,,2025-05-07 18:00:00,SHIPPED,NORTH
ORD_509,cust_143,2025-10-29 08:00:00,SHIPPED,SOUTH
ORD_510,cust_480,2025-04-25 19:00:00,RETURNED,WEST
ORD_511,cust_206,2025-11-29 08:00:00,DELIVERED,SOUTH
ORD_512,,2025-10-29 16:00:00,DELIVERED,WEST
ORD_513,cust_282,2025-10-25 03:00:00,CANCELLED,EAST
ORD_514,cust_328,2025-12-07 10:00:00,PLACED,EAST
ORD_515,cust_65,2025-08-01 04:00:00,SHIPPED,NORTH
ORD_516,cust_59,2025-10-27 18:00:00,SHIPPED,WEST
ORD_517,cust_250,2025-12-21 01:00:00,RETURNED,WEST
ORD_518,,2025-02-07 21:00:00,RETURNED,WEST
ORD_519,cust_200,2025-01-24 16:00:00,SHIPPED,WEST
ORD_520,cust_452,2025-08-29 23:00:00,DELIVERED,NORTH
